{"cameraMode":{"drawMode":24,"name":"Light Overlap","section":"Baked Global Illumination"},"sceneLighting":true,"audioPlay":false,"sceneViewState":{"showFog":false,"showMaterialUpdate":true,"showSkybox":true,"showFlares":true,"showImageEffects":true,"showParticleSystems":true},"in2DMode":false,"pivot":{"x":4.623954772949219,"y":-2.5864524841308595,"z":-6.009075164794922},"rotation":{"x":0.253520667552948,"y":0.37770336866378786,"z":-0.10832740366458893,"w":0.8839433789253235},"size":15.112565040588379,"orthographic":false}